Year,days,avg salary,month,weeks,age
1989,0.1239,0.611,0.15616,0.24,0.01
1990,0.12310,0.7111,0.15617,0.23,0.02
1991,0.12311,0.811,0.15618,0.22,0.03
1992,0.12312,0.911,0.15619,0.21,0.04
1993,0.1238,0.511,0.15615,0.26,0.05